{
  "timestamp": "2026-01-28T00:04:54.090903",
  "methodology": "unbiased_tensor_analysis",
  "results": [
    {
      "signal_name": "WIND_pressure_fluctuation",
      "n_samples": 100000,
      "symmetry_delta": 0.14812538414259369,
      "peak_count": 3254,
      "trough_count": 2772,
      "peak_trough_ratio": 1.173881673881674,
      "skewness": -0.33581543571056605,
      "kurtosis": -0.2819933364352951,
      "zero_crossing_rate": 0.003000270024302187,
      "gradient_mean": 0.009825069014195588,
      "gradient_std": 0.012311608758447156,
      "curvature_mean": 0.00337323622948956,
      "energy": 99990.99999999997,
      "description": "Unsteady pressure - Kolmogorov turbulence spectrum",
      "sample_rate": 10000
    },
    {
      "signal_name": "WIND_lift_coefficient",
      "n_samples": 100000,
      "symmetry_delta": 0.012861326881446589,
      "peak_count": 7752,
      "trough_count": 7853,
      "peak_trough_ratio": 0.9871386731185534,
      "skewness": 0.0019191688886391,
      "kurtosis": -1.0025682003757097,
      "zero_crossing_rate": 0.008450760568451161,
      "gradient_mean": 0.02751081517407027,
      "gradient_std": 0.03437335670452123,
      "curvature_mean": 0.014886949007199654,
      "energy": 99990.99999999997,
      "description": "Lift coefficient oscillation - buffet/flutter dynamics",
      "sample_rate": 10000
    },
    {
      "signal_name": "WIND_boundary_layer_transition",
      "n_samples": 100000,
      "symmetry_delta": 0.0024384296513045856,
      "peak_count": 8202,
      "trough_count": 8182,
      "peak_trough_ratio": 1.0024443901246638,
      "skewness": -0.009563676434370352,
      "kurtosis": 1.2991496489360292,
      "zero_crossing_rate": 0.14765328879599163,
      "gradient_mean": 0.22813286372120536,
      "gradient_std": 0.328849739492412,
      "curvature_mean": 0.14801287247061531,
      "energy": 99990.99999999997,
      "description": "Boundary layer laminar-turbulent transition",
      "sample_rate": 10000
    },
    {
      "signal_name": "WIND_vortex_shedding",
      "n_samples": 100000,
      "symmetry_delta": 0.014004542013625998,
      "peak_count": 2605,
      "trough_count": 2642,
      "peak_trough_ratio": 0.985995457986374,
      "skewness": -0.0005832804671910706,
      "kurtosis": -1.2644760583873622,
      "zero_crossing_rate": 0.019991799261933573,
      "gradient_mean": 0.05525982683667559,
      "gradient_std": 0.06175731915837585,
      "curvature_mean": 0.006039151394216655,
      "energy": 99990.99999999999,
      "description": "Von K\u00e1rm\u00e1n vortex street shedding",
      "sample_rate": 10000
    },
    {
      "signal_name": "FLIGHT_dutch_roll",
      "n_samples": 12000,
      "symmetry_delta": 0.05882352941176472,
      "peak_count": 16,
      "trough_count": 17,
      "peak_trough_ratio": 0.9411764705882353,
      "skewness": 4.687110883428425,
      "kurtosis": 127.37530406667744,
      "zero_crossing_rate": 0.1451922275039613,
      "gradient_mean": 0.04309436082499932,
      "gradient_std": 0.08312682237452379,
      "curvature_mean": 0.023131824498701256,
      "energy": 11990.999999999998,
      "description": "Dutch roll lateral oscillation mode",
      "sample_rate": 100
    },
    {
      "signal_name": "FLIGHT_phugoid",
      "n_samples": 12000,
      "symmetry_delta": 0.03963414634146345,
      "peak_count": 945,
      "trough_count": 984,
      "peak_trough_ratio": 0.9603658536585366,
      "skewness": 0.030584688371617517,
      "kurtosis": -1.4379534155414504,
      "zero_crossing_rate": 0.0010007505629221916,
      "gradient_mean": 0.0020179737948515858,
      "gradient_std": 0.002499235179133049,
      "curvature_mean": 0.0009942229134298959,
      "energy": 11991.0,
      "description": "Phugoid long-period oscillation",
      "sample_rate": 100
    },
    {
      "signal_name": "FLIGHT_short_period",
      "n_samples": 12000,
      "symmetry_delta": 0.2525252525252525,
      "peak_count": 148,
      "trough_count": 198,
      "peak_trough_ratio": 0.7474747474747475,
      "skewness": 27.68169430143915,
      "kurtosis": 915.7436713399082,
      "zero_crossing_rate": 0.14010507880910683,
      "gradient_mean": 0.07243413515046683,
      "gradient_std": 0.13781381106554935,
      "curvature_mean": 0.04456695327868739,
      "energy": 11991.000000000002,
      "description": "Short period pitch oscillation",
      "sample_rate": 100
    },
    {
      "signal_name": "FLIGHT_pilot_induced_oscillation",
      "n_samples": 12000,
      "symmetry_delta": 0.008547008547008517,
      "peak_count": 348,
      "trough_count": 351,
      "peak_trough_ratio": 0.9914529914529915,
      "skewness": 0.0032638390870080108,
      "kurtosis": -1.3812398426515178,
      "zero_crossing_rate": 0.06062880493703611,
      "gradient_mean": 0.16533078454545613,
      "gradient_std": 0.18751921613462108,
      "curvature_mean": 0.031328144772280624,
      "energy": 11991.0,
      "description": "Pilot Induced Oscillation (PIO) event",
      "sample_rate": 100
    },
    {
      "signal_name": "FLIGHT_dryden_turbulence",
      "n_samples": 12000,
      "symmetry_delta": 0.24918032786885247,
      "peak_count": 305,
      "trough_count": 229,
      "peak_trough_ratio": 1.331877729257642,
      "skewness": -0.49669784475884393,
      "kurtosis": 0.36840473808401386,
      "zero_crossing_rate": 0.009507130347760821,
      "gradient_mean": 0.0243327718585624,
      "gradient_std": 0.03042147021061526,
      "curvature_mean": 0.006954673455031278,
      "energy": 11991.0,
      "description": "Dryden continuous turbulence model",
      "sample_rate": 100
    },
    {
      "signal_name": "ATMO_clear_air_turbulence",
      "n_samples": 3600,
      "symmetry_delta": 0.09375,
      "peak_count": 128,
      "trough_count": 116,
      "peak_trough_ratio": 1.103448275862069,
      "skewness": 0.1048738632026294,
      "kurtosis": 11.559971329784663,
      "zero_crossing_rate": 0.034530771372876634,
      "gradient_mean": 0.1292941395585052,
      "gradient_std": 0.3261339072966532,
      "curvature_mean": 0.0834316671140099,
      "energy": 3591.0000000000005,
      "description": "Clear Air Turbulence patches",
      "sample_rate": 1
    },
    {
      "signal_name": "ATMO_gravity_waves",
      "n_samples": 3600,
      "symmetry_delta": 0.026490066225165587,
      "peak_count": 302,
      "trough_count": 294,
      "peak_trough_ratio": 1.0272108843537415,
      "skewness": -0.0060641997542876325,
      "kurtosis": -0.9147937765574552,
      "zero_crossing_rate": 0.007240323029796714,
      "gradient_mean": 0.013716082382739131,
      "gradient_std": 0.017085369155273394,
      "curvature_mean": 0.007195605310532923,
      "energy": 3591.0,
      "description": "Atmospheric gravity wave oscillations",
      "sample_rate": 1
    },
    {
      "signal_name": "ATMO_jet_stream_shear",
      "n_samples": 3600,
      "symmetry_delta": 0.11306532663316582,
      "peak_count": 398,
      "trough_count": 353,
      "peak_trough_ratio": 1.1274787535410764,
      "skewness": -0.08173289535234435,
      "kurtosis": -0.04064817699199974,
      "zero_crossing_rate": 0.14592035644667223,
      "gradient_mean": 0.2552789873110382,
      "gradient_std": 0.3183043113776359,
      "curvature_mean": 0.1629027530826102,
      "energy": 3590.999999999999,
      "description": "Jet stream wind shear profile",
      "sample_rate": 1
    },
    {
      "signal_name": "RADAR_doppler_radar",
      "n_samples": 10000,
      "symmetry_delta": 0.10187110187110182,
      "peak_count": 481,
      "trough_count": 432,
      "peak_trough_ratio": 1.1134259259259258,
      "skewness": -0.042309471064973826,
      "kurtosis": -1.3598901569092627,
      "zero_crossing_rate": 0.06525873285957362,
      "gradient_mean": 0.17398599533825093,
      "gradient_std": 0.20927221007101285,
      "curvature_mean": 0.04654601128298668,
      "energy": 9991.0,
      "description": "Doppler radar return from maneuvering aircraft",