{
  "timestamp": "2026-01-27T22:43:07.864227",
  "methodology": "normalized_adaptive_tensor_analysis",
  "results": [
    {
      "signal_name": "GW150914",
      "symmetry_delta": 0.008799497171590231,
      "peak_count": 11137,
      "trough_count": 11039,
      "peak_trough_ratio": 1.0088776157260622,
      "window_symmetries": [
        0.05208333333333337,
        0.14511494252873558,
        0.0015408320493066618,
        0.043609022556390986,
        0.0029806259314456574,
        0.012480499219968744,
        0.022727272727272707,
        0.05745341614906829,
        0.0,
        0.054151624548736454,
        0.06235565819861433,
        0.08387942332896459,
        0.03624161073825505,
        0.04281767955801108,
        0.037138927097661645,
        0.043243243243243246,
        0.059228650137741035,
        0.1452442159383034,
        0.09677419354838712,
        0.024759284731774467
      ],
      "symmetry_variance": 0.0016040519266156846,
      "symmetry_evolution": 0.21400150301037105,
      "energy_evolution": [
        7590.368935039729,
        7255.8513666917415,
        7235.206878718282,
        7409.713704234722,
        8244.755721868556,
        8930.464654770862,
        9435.299234088487,
        11116.706109090272,
        13693.409224477538,
        25618.355444543464,
        7969.008383802217,
        1752.2732996707198,
        1783.9515766908564,
        1937.6443881947478,
        1862.732639836138,
        1918.3513767496586,
        1908.1118550991168,
        1778.1569234824096,
        1796.3291094012181,
        1825.9531877643226
      ],
      "skewness": 0.004596603850074396,
      "kurtosis": 0.9867796828495132,
      "zero_crossing_rate": 0.09360383937495709,
      "gradient_mean": 0.1348086709120574,
      "gradient_std": 0.1735253290634228,
      "gradient_max": 1.4630439818279157,
      "curvature_mean": 0.08243203364439608,
      "curvature_std": 0.10356232832918362,
      "dominant_frequencies": [
        0.004867887962277683,
        0.004898407636022371,
        0.004875517880713855,
        0.0048831477991500265,
        0.004890777717586199
      ],
      "total_spectral_power": 8588754984.500006
    },
    {
      "signal_name": "GW170817",
      "symmetry_delta": 0.0029721696838692635,
      "peak_count": 11103,
      "trough_count": 11070,
      "peak_trough_ratio": 1.0029810298102981,
      "window_symmetries": [
        0.006163328197226536,
        0.02782071097372485,
        0.010937500000000044,
        0.08181818181818179,
        0.004878048780487809,
        0.03821656050955413,
        0.006557377049180357,
        0.003355704697986628,
        0.04593639575971731,
        0.03555555555555556,
        0.017064846416382284,
        0.0199714693295292,
        0.06308724832214763,
        0.0,
        0.09128065395095364,
        0.08921438082556588,
        0.012499999999999956,
        0.0014326647564469885,
        0.0014265335235378318,
        0.09444444444444444
      ],
      "symmetry_variance": 0.0010673557198451495,
      "symmetry_evolution": 0.23178091543209464,
      "energy_evolution": [
        7410.478598316271,
        7555.033580142326,
        8184.493732073192,
        8424.15342535633,
        8980.071992781353,
        9712.382761340541,
        10249.067753479647,
        12171.365892399805,
        14715.731972833584,
        20145.71103942434,
        3974.1370030509374,
        1921.7363035130184,
        2056.722055530984,
        2221.240353772047,
        2178.044017390236,
        2238.3730900762002,
        2108.7199853334455,
        2301.9170335823464,
        2284.6767132254704,
        2227.780368280228
      ],
      "skewness": -0.003851269638339248,
      "kurtosis": 0.19614030017865547,
      "zero_crossing_rate": 0.10236298573968244,
      "gradient_mean": 0.1510553399317876,
      "gradient_std": 0.19731617419757796,
      "gradient_max": 1.2388989700890145,
      "curvature_mean": 0.08543631616208927,
      "curvature_std": 0.10899101098377727,
      "dominant_frequencies": [
        0.012009491618534597,
        0.012390987540343193,
        0.011444877654257876,
        0.011467767409566391,
        0.011399098143640844
      ],
      "total_spectral_power": 8588754984.500008
    },
    {
      "signal_name": "GW190521",
      "symmetry_delta": 0.00020929259104229825,
      "peak_count": 9556,
      "trough_count": 9554,
      "peak_trough_ratio": 1.0002093364036007,
      "window_symmetries": [
        0.05623100303951367,
        0.026729559748427723,
        0.06707317073170727,
        0.007800312012480548,
        0.037735849056603765,
        0.0078125,
        0.038632986627043064,
        0.027070063694267565,
        0.0546021840873635,
        0.029900332225913595,
        0.046798029556650245,
        0.09311740890688258,
        0.00136986301369868,
        0.0028050490883591017,
        0.02789400278940024,
        0.07983761840324766,
        0.05637583892617448,
        0.04283801874163318,
        0.0401069518716578,
        0.02777777777777779
      ],
      "symmetry_variance": 0.0005799804920321763,
      "symmetry_evolution": 0.06332605003594574,
      "energy_evolution": [
        10973.562832575626,
        10757.203306622676,
        11511.860488192695,
        11489.296481428486,
        11260.113521795483,
        11389.241180713363,
        10961.348341437657,
        11369.602469884265,
        11380.01746271055,
        16008.040028384035,
        5280.544473020803,
        1016.8459010704371,
        903.0904186011855,
        993.3830764963511,
        967.5867919162658,
        974.6876114507927,
        931.5453406445264,
        956.7207894651428,
        950.7702059160503,
        987.5042332394773
      ],
      "skewness": -0.008745253427143598,
      "kurtosis": 0.24906459557189375,
      "zero_crossing_rate": 0.08530248811640204,
      "gradient_mean": 0.1164934440968216,
      "gradient_std": 0.14630496913129867,
      "gradient_max": 0.8766424271266327,
      "curvature_mean": 0.07264675960111028,
      "curvature_std": 0.09104835998614721,
      "dominant_frequencies": [
        0.004860258043841511,
        0.004906037554458543,
        0.004890777717586199,
        0.004875517880713855,
        0.0048831477991500265
      ],
      "total_spectral_power": 8588754984.500002
    },
    {
      "signal_name": "CTRL_gaussian_noise",
      "symmetry_delta": 0.006844579646017701,
      "peak_count": 14365,
      "trough_count": 14464,
      "peak_trough_ratio": 0.9931554203539823,
      "window_symmetries": [
        0.02242744063324542,
        0.049861495844875314,
        0.1009174311926605,
        0.09857328145265887,
        0.002797202797202747,
        0.05495978552278824,
        0.10652463382157129,
        0.05234899328859055,
        0.045515394912985285,
        0.010914051841746208,
        0.08650065530799478,
        0.10394736842105268,
        0.06845637583892616,
        0.1548387096774193,
        0.04629629629629628,
        0.07598371777476254,
        0.043055555555555514,
        0.10171730515191546,
        0.10964332892998674,
        0.044137931034482714
      ],
      "symmetry_variance": 0.0014046653354571439,
      "symmetry_evolution": 0.24475040041061122,
      "energy_evolution": [
        5967.184254861445,
        7066.521517291735,
        6371.797528271503,
        6070.027681260445,
        6257.674872929176,
        6821.29465300986,
        7011.115854981557,
        6772.808737722666,
        6732.377912990483,
        6513.836460505929,
        6382.172484515936,
        6573.868679081966,
        6659.835625564417,
        6725.121711991101,
        6160.848881966836,
        6615.225273179738,
        6595.087099335724,
        6625.153262526468,
        6558.459135335777,
        6572.133756111318
      ],
      "skewness": -0.0016952517081125604,
      "kurtosis": -0.042857865561912956,
      "zero_crossing_rate": 0.14675385120133067,