{
  "timestamp": "2026-01-28T00:15:07.250366",
  "purpose": "Bias check - testing if results are artifacts",
  "results": {
    "random_tensors": {
      "original": {
        "perfect_sine": 0.0,
        "pure_noise": 0.03518518518518521,
        "sawtooth": 0.09999999999999998,
        "exp_decay": 1.0,
        "square_wave": 1.0,
        "chirp": 0.0,
        "damped_osc": 0.0,
        "biased_noise": 0.029520295202952074,
        "rectified_sine": 1.0,
        "poisson": 0.0981981981981982
      },
      "random_mean": {
        "perfect_sine": 0.00020000000000000017,
        "pure_noise": 0.009130453832718924,
        "sawtooth": 0.4210914147229938,
        "exp_decay": 1.0,
        "square_wave": 0.049790591515708006,
        "chirp": 0.0016666666666666496,
        "damped_osc": 0.001000000000000003,
        "biased_noise": 0.010989554866318998,
        "rectified_sine": 0.3161063367267856,
        "poisson": 0.03033539829783341
      },
      "random_std": {
        "perfect_sine": 0.0014000000000000013,
        "pure_noise": 0.007017582622249865,
        "sawtooth": 0.2378415919173048,
        "exp_decay": 0.0,
        "square_wave": 0.19411930985601056,
        "chirp": 0.0016666666666666499,
        "damped_osc": 0.003958114029012651,
        "biased_noise": 0.01081937599765945,
        "rectified_sine": 0.2922578213879425,
        "poisson": 0.022789634517889512
      }
    },
    "coefficient_order": {
      "perfect_sine": {
        "original": 0.0,
        "reversed": 0.0,
        "shuffled": 0.0
      },
      "pure_noise": {
        "original": 0.03518518518518521,
        "reversed": 0.0411334552102377,
        "shuffled": 0.052019164955509956
      },
      "sawtooth": {
        "original": 0.09999999999999998,
        "reversed": 0.09999999999999998,
        "shuffled": 0.09999999999999998
      },
      "exp_decay": {
        "original": 1.0,
        "reversed": 1.0,
        "shuffled": 1.0
      },
      "square_wave": {
        "original": 1.0,
        "reversed": 1.0,
        "shuffled": 1.0
      },
      "chirp": {
        "original": 0.0,
        "reversed": 0.0033333333333332993,
        "shuffled": 0.0
      },
      "damped_osc": {
        "original": 0.0,
        "reversed": 0.0,
        "shuffled": 0.0
      },
      "biased_noise": {
        "original": 0.029520295202952074,
        "reversed": 0.010082493125572856,
        "shuffled": 0.035567715458276306
      },
      "rectified_sine": {
        "original": 1.0,
        "reversed": 1.0,
        "shuffled": 1.0
      },
      "poisson": {
        "original": 0.0981981981981982,
        "reversed": 0.05210237659963435,
        "shuffled": 0.10434782608695647
      }
    },
    "temporal_structure": {
      "perfect_sine": {
        "original": 0.0,
        "shuffled": 0.03898458748866729,
        "diff": 0.03898458748866729
      },
      "pure_noise": {
        "original": 0.03518518518518521,
        "shuffled": 0.04458598726114649,
        "diff": 0.009400802075961279
      },
      "sawtooth": {
        "original": 0.09999999999999998,
        "shuffled": 0.01978417266187049,
        "diff": 0.08021582733812949
      },
      "exp_decay": {
        "original": 1.0,
        "shuffled": 0.24473889321901787,
        "diff": 0.7552611067809821
      },
      "square_wave": {
        "original": 1.0,
        "shuffled": 0.016981132075471694,
        "diff": 0.9830188679245283
      },
      "chirp": {
        "original": 0.0,
        "shuffled": 0.04871567759078832,
        "diff": 0.04871567759078832
      },
      "damped_osc": {
        "original": 0.0,
        "shuffled": 0.04404873477038429,
        "diff": 0.04404873477038429
      },
      "biased_noise": {
        "original": 0.029520295202952074,
        "shuffled": 0.025092936802973975,
        "diff": 0.0044273583999780985
      },
      "rectified_sine": {
        "original": 1.0,
        "shuffled": 0.017346053772766656,
        "diff": 0.9826539462272333
      },
      "poisson": {
        "original": 0.0981981981981982,
        "shuffled": 0.06442831215970957,
        "diff": 0.03376988603848863
      }
    },
    "normalization": {
      "perfect_sine": {
        "normalized": 0.0,
        "raw": 0.0,
        "diff": 0.0
      },
      "pure_noise": {
        "normalized": 0.03518518518518521,
        "raw": 0.03616133518776077,
        "diff": 0.0009761500025755598
      },
      "sawtooth": {
        "normalized": 0.09999999999999998,
        "raw": 0.09999999999999998,
        "diff": 0.0
      },
      "exp_decay": {
        "normalized": 1.0,
        "raw": 1.0,
        "diff": 0.0
      },
      "square_wave": {
        "normalized": 1.0,
        "raw": 1.0,
        "diff": 0.0
      },
      "chirp": {
        "normalized": 0.0,
        "raw": 0.0,
        "diff": 0.0
      },
      "damped_osc": {
        "normalized": 0.0,
        "raw": 0.02857142857142858,
        "diff": 0.02857142857142858
      },
      "biased_noise": {
        "normalized": 0.029520295202952074,
        "raw": 1.0,
        "diff": 0.9704797047970479
      },
      "rectified_sine": {
        "normalized": 1.0,
        "raw": 1.0,
        "diff": 0.0
      },
      "poisson": {
        "normalized": 0.0981981981981982,
        "raw": 1.0,
        "diff": 0.9018018018018018
      }
    },
    "alternative_metrics": {
      "perfect_sine": {
        "symmetry": 0.0,
        "autocorr_decay": 17,
        "spectral_entropy": 0.14949322882146038,
        "hurst": 2.8757908411380257
      },
      "pure_noise": {
        "symmetry": 0.03518518518518521,
        "autocorr_decay": 4,
        "spectral_entropy": 6.6661747089439745,
        "hurst": 3.241227034704777
      },
      "sawtooth": {
        "symmetry": 0.09999999999999998,
        "autocorr_decay": 99,
        "spectral_entropy": 1.5521560283305322,
        "hurst": 2.9923401195751156
      },
      "exp_decay": {
        "symmetry": 1.0,
        "autocorr_decay": 661,
        "spectral_entropy": 2.4237720185578002,
        "hurst": 2.994390287691323
      },
      "square_wave": {
        "symmetry": 1.0,
        "autocorr_decay": 27,
        "spectral_entropy": 0.734947807459244,
        "hurst": 3.149144600597789
      },
      "chirp": {
        "symmetry": 0.0,
        "autocorr_decay": 6,
        "spectral_entropy": 6.012686966179786,
        "hurst": 2.7617079124247255
      },
      "damped_osc": {
        "symmetry": 0.0,
        "autocorr_decay": 17,
        "spectral_entropy": 1.787517022905433,
        "hurst": 2.8758111557873196
      },
      "biased_noise": {
        "symmetry": 0.029520295202952074,
        "autocorr_decay": 4,
        "spectral_entropy": 6.690141795707209,
        "hurst": 3.250194170713391
      },
      "rectified_sine": {
        "symmetry": 1.0,
        "autocorr_decay": 15,
        "spectral_entropy": 0.6418707495595982,
        "hurst": 2.6110467491932385
      },
      "poisson": {
        "symmetry": 0.0981981981981982,
        "autocorr_decay": 4,
        "spectral_entropy": 6.691657874917408,
        "hurst": 3.228342499056413
      }
    },